Anos,Tiempo (s)
50,0.0761134624
200,0.3083598614
5000,7.4641516209
10000,14.9304733276
