Anos,Tiempo (s)
50,0.0165047646
200,0.0655510426
5000,1.6043787003
10000,3.2600567341
10000,3.3580021858
10000,0.1021556854
10000,0.1647415161
