Anos,Tiempo (s)
50,0.0255014896
200,0.1010019779
5000,2.5462763309
10000,5.0400691032
