Anos,Tiempo (s)
50,0.0222170353
200,0.0886237621
5000,2.2474267483
10000,4.5088975430
